<xml xmlns="http://www.w3.org/1999/xhtml">
  <tab name="Init" type="InitTab" active="false" scrollx="20" scrolly="20" scale="0.9"></tab>
  <tab name="New Tab" type="CommonTab" active="true" scrollx="-564.4087748992547" scrolly="-592.4031367042076" scale="1">
    <block xmlns="https://developers.google.com/blockly/xml" type="addHTMLElement" id="rwWq,L9CaV1y#}q2HVYd" x="290" y="270">
      <field name="ELEMENT">div</field>
      <field name="MODE">TO</field>
      <field name="PARENT">FALSE</field>
      <value name="ID">
        <shadow type="text" id="1-K]h8j#.4Q7Jl!/LTqM">
          <field name="TEXT">d</field>
        </shadow>
      </value>
      <value name="TARGET_ID">
        <shadow type="DOMObjectSelector" id="mor4]wio*Q:00bkGA@`B">
          <field name="DOM_OBJECT">CONTAINER</field>
        </shadow>
      </value>
      <next>
        <block type="setHTMLElemAttribute" id="c/Ako1S3,[moxqzcTY-Q">
          <field name="ATTRIBUTE">style</field>
          <field name="PARENT">FALSE</field>
          <value name="VALUE">
            <shadow type="text" id="D65M!#CL|Vp))-HR=z^I">
              <field name="TEXT">d</field>
            </shadow>
            <block type="cssStyleList" id="DQ-GG=cJ:}8!ZRS`]YCl">
              <mutation xmlns="http://www.w3.org/1999/xhtml">
                <prop name="position" shadowvalue="absolute"></prop>
                <prop name="background-color" shadowvalue="red"></prop>
                <prop name="width" shadowvalue="120px"></prop>
                <prop name="height" shadowvalue="60px"></prop>
                <prop name="left" shadowvalue="auto"></prop>
                <prop name="bottom" shadowvalue="auto"></prop>
              </mutation>
              <value name="PROP0">
                <shadow type="positionDropdown" id="l@f2JD1Ci!)mZb`%GURd">
                  <field name="TEXT">absolute</field>
                </shadow>
              </value>
              <value name="PROP1">
                <shadow type="text" id="d~?30@?^`.yQh3#3I~IM">
                  <field name="TEXT">transparent</field>
                </shadow>
              </value>
              <value name="PROP2">
                <shadow type="text" id="W~DHj*VuonG1JXoE/[TP">
                  <field name="TEXT">180px</field>
                </shadow>
              </value>
              <value name="PROP3">
                <shadow type="text" id="PL~=tmzL+48RR)[l-HfL">
                  <field name="TEXT">60px</field>
                </shadow>
              </value>
              <value name="PROP4">
                <shadow type="text" id="@L]s6lu!Dxj?RX6c$kO=">
                  <field name="TEXT">40%</field>
                </shadow>
              </value>
              <value name="PROP5">
                <shadow type="text" id="*hZ@{5WyZI._(Scdlb3`">
                  <field name="TEXT">5px</field>
                </shadow>
              </value>
            </block>
          </value>
          <value name="ID">
            <shadow type="text" id="VT{;*j*:2obAEa0[g}R3">
              <field name="TEXT">d</field>
            </shadow>
          </value>
          <next>
            <block type="createCSSRule" id="`iA7916zLA~biSOsoYir">
              <mutation xmlns="http://www.w3.org/1999/xhtml" mediaruleslot="false"></mutation>
              <field name="PARENT">FALSE</field>
              <value name="CSS_RULE">
                <shadow type="text" id="B4W7Kuh.0Tf$-Vl`oE~e">
                  <field name="TEXT">.b</field>
                </shadow>
              </value>
              <value name="CSS_RULE_CONT">
                <shadow type="cssStyleList" id="N8Rv6l!8yf@l=haTrUUL">
                  <mutation xmlns="http://www.w3.org/1999/xhtml">
                    <prop name="color" shadowvalue="null"></prop>
                  </mutation>
                  <value name="PROP0">
                    <shadow type="text" id="?ODfl|-MUcQ,A!#)..:S">
                      <field name="TEXT">red</field>
                    </shadow>
                  </value>
                </shadow>
                <block type="cssStyleList" id="i?ypPMepSkO,/8Ikcgf7">
                  <mutation xmlns="http://www.w3.org/1999/xhtml">
                    <prop name="position" shadowvalue="static"></prop>
                    <prop name="background-color" shadowvalue="transparent"></prop>
                    <prop name="width" shadowvalue="50px"></prop>
                    <prop name="height" shadowvalue="50px"></prop>
                    <prop name="margin" shadowvalue="5px"></prop>
                    <prop name="cursor" shadowvalue="pointer"></prop>
                    <prop name="float" shadowvalue="left"></prop>
                    <prop name="border-radius" shadowvalue="4px"></prop>
                    <prop name="box-shadow" shadowvalue="none"></prop>
                  </mutation>
                  <value name="PROP0">
                    <shadow type="positionDropdown" id=".f,HYYVEA1,_!Xqxq_v#">
                      <field name="TEXT">static</field>
                    </shadow>
                  </value>
                  <value name="PROP1">
                    <shadow type="text" id="SgSl5@:MC,l#g($u;;/z">
                      <field name="TEXT">transparent</field>
                    </shadow>
                  </value>
                  <value name="PROP2">
                    <shadow type="text" id="/#5zqCTwI#i_c*$%gx?M">
                      <field name="TEXT">50px</field>
                    </shadow>
                  </value>
                  <value name="PROP3">
                    <shadow type="text" id=",|=9c{9q6ieM$`OYX.v?">
                      <field name="TEXT">50px</field>
                    </shadow>
                  </value>
                  <value name="PROP4">
                    <shadow type="text" id="$W`C4F%%@nmFwbp@8ed9">
                      <field name="TEXT">5px</field>
                    </shadow>
                  </value>
                  <value name="PROP5">
                    <shadow type="cursorDropdown" id="H0Q[Ro/BYRl*J=L+cqLx">
                      <field name="TEXT">pointer</field>
                    </shadow>
                  </value>
                  <value name="PROP6">
                    <shadow type="floatDropdown" id="/eK(e{_f.;^BFQazVp92">
                      <field name="TEXT">left</field>
                    </shadow>
                  </value>
                  <value name="PROP7">
                    <shadow type="text" id=";]WotQs!7mn_;A~g:M#^">
                      <field name="TEXT">4px</field>
                    </shadow>
                  </value>
                  <value name="PROP8">
                    <shadow type="text" id="s|PGf(oYxd%ogaQFamGf">
                      <field name="TEXT">0px 0px 4px gray</field>
                    </shadow>
                  </value>
                </block>
              </value>
              <next>
                <block type="addHTMLElement" id="E5AY$92Jza7)5K?:YYta">
                  <field name="ELEMENT">div</field>
                  <field name="MODE">TO</field>
                  <field name="PARENT">FALSE</field>
                  <value name="ID">
                    <shadow type="text" id="2UW(v-PK6hVu,KI1$CK-">
                      <field name="TEXT">black</field>
                    </shadow>
                  </value>
                  <value name="TARGET_ID">
                    <shadow type="DOMObjectSelector" id=")qeNbD(s25(rcveyX:?b">
                      <field name="DOM_OBJECT">CONTAINER</field>
                    </shadow>
                    <block type="text" id="):gHAZeP-s%VqSj9/sk]">
                      <field name="TEXT">d</field>
                    </block>
                  </value>
                  <next>
                    <block type="addHTMLElement" id="B12R..--3Q7.eSyR-A5n">
                      <field name="ELEMENT">div</field>
                      <field name="MODE">TO</field>
                      <field name="PARENT">FALSE</field>
                      <value name="ID">
                        <shadow type="text" id="*jTT/o]Fb~#VaM)2FQGx">
                          <field name="TEXT">gray</field>
                        </shadow>
                      </value>
                      <value name="TARGET_ID">
                        <shadow type="DOMObjectSelector" id="8[w]Cy7Ehyl:A*{k0NT{">
                          <field name="DOM_OBJECT">CONTAINER</field>
                        </shadow>
                        <block type="text" id="@Y$Pl``piquBM]rh.|Ru">
                          <field name="TEXT">d</field>
                        </block>
                      </value>
                      <next>
                        <block type="addHTMLElement" id="mL0sga8RLSC5+z@A9U-k">
                          <field name="ELEMENT">div</field>
                          <field name="MODE">TO</field>
                          <field name="PARENT">FALSE</field>
                          <value name="ID">
                            <shadow type="text" id="?:/*ykN/#/4h9RiaW*4C">
                              <field name="TEXT">purple</field>
                            </shadow>
                          </value>
                          <value name="TARGET_ID">
                            <shadow type="DOMObjectSelector" id="8[w]Cy7Ehyl:A*{k0NT{">
                              <field name="DOM_OBJECT">CONTAINER</field>
                            </shadow>
                            <block type="text" id="=mc}QJ/0#7.9tH4Qz-w)">
                              <field name="TEXT">d</field>
                            </block>
                          </value>
                          <next>
                            <block type="setHTMLElemAttribute" id="u4LO(PG@N$.#!)#4nY9s">
                              <field name="ATTRIBUTE">className</field>
                              <field name="PARENT">FALSE</field>
                              <value name="VALUE">
                                <shadow type="text" id=";P#8=Y32y7ECS{qdIx8;">
                                  <field name="TEXT">b</field>
                                </shadow>
                              </value>
                              <value name="ID">
                                <shadow type="text" id="/iJMYICT0%+y^%8#dY~Q">
                                  <field name="TEXT">d</field>
                                </shadow>
                                <block type="lists_create_with" id="t._*2{vQi4xHs:J7Zw$8">
                                  <mutation items="3"></mutation>
                                  <value name="ADD0">
                                    <block type="text" id="LG4R8@~fGr:e[k#APGO+">
                                      <field name="TEXT">black</field>
                                    </block>
                                  </value>
                                  <value name="ADD1">
                                    <block type="text" id="F2OeCMe(`[x4Aly^z/^a">
                                      <field name="TEXT">gray</field>
                                    </block>
                                  </value>
                                  <value name="ADD2">
                                    <block type="text" id="?v_Y@iVYy[mMeVJFL%9Y">
                                      <field name="TEXT">purple</field>
                                    </block>
                                  </value>
                                </block>
                              </value>
                              <next>
                                <block type="setHTMLElemStyle" id=")+cXS^5_%*sD=5K~#)K[">
                                  <field name="PROPERTY">backgroundColor</field>
                                  <field name="PARENT">FALSE</field>
                                  <value name="VALUE">
                                    <shadow type="text" id="tGbV(~z+V8+8ac2NT+|w">
                                      <field name="TEXT">black</field>
                                    </shadow>
                                  </value>
                                  <value name="ID">
                                    <shadow type="text" id="JUraAS`S;w2T9(j/(A*1">
                                      <field name="TEXT">black</field>
                                    </shadow>
                                  </value>
                                  <next>
                                    <block type="setHTMLElemStyle" id="r{YcA=6]0QA}7%%~+0C4">
                                      <field name="PROPERTY">backgroundColor</field>
                                      <field name="PARENT">FALSE</field>
                                      <value name="VALUE">
                                        <shadow type="text" id="FH*Hwc/ZeEbJioT{hxJj">
                                          <field name="TEXT">gray</field>
                                        </shadow>
                                      </value>
                                      <value name="ID">
                                        <shadow type="text" id="qWI}1O;N1B%~aN@MOA0U">
                                          <field name="TEXT">gray</field>
                                        </shadow>
                                      </value>
                                      <next>
                                        <block type="setHTMLElemStyle" id="xfaT/9_1=QqS!`^`[lvu">
                                          <field name="PROPERTY">backgroundColor</field>
                                          <field name="PARENT">FALSE</field>
                                          <value name="VALUE">
                                            <shadow type="text" id="pXC[/T;f%Pj(n-;$z6:E">
                                              <field name="TEXT">purple</field>
                                            </shadow>
                                          </value>
                                          <value name="ID">
                                            <shadow type="text" id="SjST._{XcV=ln5ueO|7t">
                                              <field name="TEXT">purple</field>
                                            </shadow>
                                          </value>
                                        </block>
                                      </next>
                                    </block>
                                  </next>
                                </block>
                              </next>
                            </block>
                          </next>
                        </block>
                      </next>
                    </block>
                  </next>
                </block>
              </next>
            </block>
          </next>
        </block>
      </next>
    </block>
    <block xmlns="https://developers.google.com/blockly/xml" type="assignMaterial" id="Hs:%]tlG=?yI8,/Tgu:h" x="1090" y="1130">
      <value name="VALUE2">
        <shadow type="materialList" id="@d?ezz]G!m?HqEL(LCNo">
          <field name="FIELDNAME">&lt;none&gt;</field>
        </shadow>
      </value>
      <value name="VALUE1">
        <shadow type="objectList" id="((Bc/=mA6[{81hL3Md,R">
          <field name="FIELDNAME">&lt;none&gt;</field>
        </shadow>
      </value>
    </block>
  </tab>
  <editorsettings viewport-x="1257.2000244140625" viewport-y="37" viewport-w="772.8" viewport-h="474.7" viewport-hidden="false" toolbox-library-mode="false" toolbox-minimized-mode="false"></editorsettings>
</xml>